id,first_name,last_name,email,gender,ip_address
832,Knox,Miroy,kmiroy0@wikimedia.org,Male,100.239.220.44
938,Gussie,Didball,gdidball1@nba.com,Female,127.3.205.25
650,Marga,Moscrop,mmoscrop2@biblegateway.com,Female,143.110.142.142
429,Jermaine,Gland,jgland3@google.cn,Male,212.178.134.234
285,Noreen,Kiwitz,nkiwitz4@bluehost.com,Female,90.129.154.203
351,Lesley,Yansons,lyansons5@google.com,Male,136.209.181.252
653,Smith,Aish,saish6@mtv.com,Male,152.50.101.70
495,Eamon,Klezmski,eklezmski7@squarespace.com,Male,119.5.207.198
291,Lucio,Cornil,lcornil8@samsung.com,Genderfluid,121.189.38.187
753,Waylin,Coulthard,wcoulthard9@state.gov,Male,185.19.227.66
777,Steffen,Huckster,shuckstera@scientificamerican.com,Male,54.192.10.206
205,Wanda,Clevely,wclevelyb@wp.com,Female,237.187.158.107
911,Dallis,Ewin,dewinc@icq.com,Polygender,148.214.2.149
719,Juieta,Mellenby,jmellenbyd@themeforest.net,Female,174.34.201.176
647,Tracie,Poveleye,tpoveleyee@opera.com,Female,204.102.66.84
327,Prudence,Keys,pkeysf@bandcamp.com,Female,147.127.176.69
486,Nicko,Brisson,nbrissong@comcast.net,Male,210.32.129.101
136,Maud,Boots,mbootsh@qq.com,Female,89.12.85.96
758,Sam,Cano,scanoi@exblog.jp,Male,140.236.15.131
327,Kinny,Barff,kbarffj@cafepress.com,Male,224.91.217.95
66,Bobinette,Seacombe,bseacombek@oaic.gov.au,Female,180.56.176.167
478,Muire,Halesworth,mhalesworthl@jigsy.com,Female,60.241.38.217
442,Hertha,Simpson,hsimpsonm@cargocollective.com,Female,224.202.240.184
83,Jeremiah,Howard,jhowardn@sourceforge.net,Male,200.147.116.66
685,Maritsa,Halloway,mhallowayo@google.com,Female,149.241.103.196
581,Cesya,Court,ccourtp@ed.gov,Female,91.37.173.189
71,Saraann,Fallow,sfallowq@upenn.edu,Genderfluid,105.81.240.234
115,Kittie,Stainfield,kstainfieldr@yolasite.com,Polygender,223.104.178.178
45,Erminie,Langwade,elangwades@youtu.be,Female,11.210.168.238
726,Wilow,Locks,wlockst@sun.com,Female,127.210.148.247
667,Arleyne,Strut,astrutu@bbc.co.uk,Female,65.99.200.119
670,Melly,Scarlon,mscarlonv@bloomberg.com,Female,62.245.132.9
559,Gusella,Laverick,glaverickw@google.cn,Female,48.233.216.61
974,Maude,Fridd,mfriddx@surveymonkey.com,Female,197.248.188.153
694,Aymer,Bowman,abowmany@blogtalkradio.com,Male,213.197.13.153
126,Barbabas,Pentercost,bpentercostz@nifty.com,Male,114.10.115.150
463,Fairfax,Meneo,fmeneo10@ebay.com,Male,181.142.105.12
564,Abagail,Woodyatt,awoodyatt11@delicious.com,Genderfluid,235.199.59.45
608,Carmelina,Dyet,cdyet12@amazonaws.com,Female,70.72.62.53
881,Audre,Scranny,ascranny13@t-online.de,Female,65.48.168.134
310,Tersina,Rash,trash14@imgur.com,Female,225.77.87.247
720,Lyssa,Brakewell,lbrakewell15@ycombinator.com,Female,215.223.8.246
305,Nikolia,Dunkley,ndunkley16@google.it,Female,7.9.165.59
382,Karie,Whitehorne,kwhitehorne17@csmonitor.com,Female,205.123.43.236
245,Isabelle,Emanuele,iemanuele18@psu.edu,Bigender,82.144.13.167
530,Ofilia,Borrett,oborrett19@howstuffworks.com,Female,153.33.253.94
155,Tonya,Khomich,tkhomich1a@weather.com,Female,11.246.4.235
465,Frederica,Pemble,fpemble1b@i2i.jp,Female,86.99.63.159
209,Gabe,Widdowfield,gwiddowfield1c@un.org,Male,65.132.109.13
562,Melodie,Blick,mblick1d@slashdot.org,Genderqueer,194.145.223.96
978,Beitris,Jedrzaszkiewicz,bjedrzaszkiewicz1e@cbc.ca,Female,194.107.217.50
441,Beltran,Beaves,bbeaves1f@trellian.com,Male,251.162.197.5
538,James,Essery,jessery1g@mail.ru,Male,134.34.140.90
457,Larina,Englefield,lenglefield1h@kickstarter.com,Female,103.142.128.95
994,Levey,Ricardot,lricardot1i@accuweather.com,Male,53.248.85.197
626,Kaine,MacGill,kmacgill1j@so-net.ne.jp,Male,20.148.115.92
931,Dallon,Tohill,dtohill1k@fastcompany.com,Male,236.86.153.28
247,Andi,Root,aroot1l@house.gov,Female,125.128.82.198
233,Zelma,Drayton,zdrayton1m@microsoft.com,Female,142.29.129.19
6,Flora,Ruf,fruf1n@ocn.ne.jp,Female,40.141.32.182
514,Merralee,Waight,mwaight1o@wikipedia.org,Female,41.64.18.205
106,Manuel,Setford,msetford1p@biblegateway.com,Male,223.228.117.15
546,Erastus,Sandison,esandison1q@guardian.co.uk,Male,7.101.218.168
247,Matty,Dring,mdring1r@cam.ac.uk,Male,52.110.185.134
589,Phillipe,Gerardet,pgerardet1s@ebay.com,Male,105.115.36.194
652,Leela,Kauble,lkauble1t@amazon.de,Female,60.111.55.0
136,Lonnie,Schlag,lschlag1u@slashdot.org,Male,128.240.25.228
32,Darsey,Waters,dwaters1v@chicagotribune.com,Female,233.90.244.231
512,Reina,Metzke,rmetzke1w@wsj.com,Female,68.53.98.89
550,Skyler,Orange,sorange1x@slashdot.org,Male,228.185.199.168
529,Brittan,Chafney,bchafney1y@webeden.co.uk,Female,88.3.173.42
631,Sibley,Abernethy,sabernethy1z@stanford.edu,Female,221.227.62.28
584,Gaspar,Soonhouse,gsoonhouse20@tmall.com,Male,44.53.17.211
436,Cash,Dutnall,cdutnall21@com.com,Male,97.237.245.102
455,Constantina,Wasiela,cwasiela22@live.com,Female,121.231.217.20
138,Newton,Nice,nnice23@google.de,Male,36.76.143.126
821,Daffie,Laxe,dlaxe24@digg.com,Female,18.193.251.139
552,Debi,Blum,dblum25@geocities.com,Female,55.137.188.91
164,Joseph,Golston,jgolston26@dagondesign.com,Male,238.151.32.93
429,Felicio,Garvin,fgarvin27@usnews.com,Male,103.186.209.28
245,Willie,Corish,wcorish28@imgur.com,Male,29.77.51.138
256,Allin,Bendan,abendan29@virginia.edu,Male,236.92.122.131
266,Brigit,Poundford,bpoundford2a@indiegogo.com,Genderqueer,6.230.191.117
894,Alis,Farge,afarge2b@marketwatch.com,Female,72.12.104.170
771,Cookie,Giffard,cgiffard2c@timesonline.co.uk,Female,229.140.147.37
866,Bern,Bartelot,bbartelot2d@webeden.co.uk,Male,53.246.168.38
307,Tammie,Scawen,tscawen2e@statcounter.com,Female,160.214.40.142
466,Ashley,Loxley,aloxley2f@prnewswire.com,Genderqueer,130.72.78.43
294,Margarethe,Keuntje,mkeuntje2g@guardian.co.uk,Female,84.16.239.188
398,Lina,Kalkofer,lkalkofer2h@canalblog.com,Female,212.179.232.23
614,Carlye,Booth,cbooth2i@google.es,Female,234.142.202.138
386,Florri,Mitchiner,fmitchiner2j@biglobe.ne.jp,Female,141.38.7.104
381,Priscilla,Kettoe,pkettoe2k@phpbb.com,Female,4.74.70.221
486,Teodora,Chastney,tchastney2l@domainmarket.com,Female,234.214.221.63
405,Vernen,Dewhirst,vdewhirst2m@stumbleupon.com,Male,104.87.57.154
710,Maryrose,Margrem,mmargrem2n@bandcamp.com,Female,64.212.179.123
840,Margret,Sumnall,msumnall2o@ibm.com,Female,22.189.32.175
189,Ysabel,Coen,ycoen2p@craigslist.org,Female,249.2.182.122
655,Harvey,Yurmanovev,hyurmanovev2q@time.com,Male,102.239.72.3
728,Emelen,Syddall,esyddall2r@wikimedia.org,Male,91.81.170.2
6,Alastair,Wonfar,awonfar2s@vinaora.com,Male,147.111.202.82
408,Grethel,Meredyth,gmeredyth2t@topsy.com,Female,239.9.225.137
98,Cash,Chatband,cchatband2u@bing.com,Male,132.243.172.21
27,Deva,Pate,dpate2v@webnode.com,Female,188.84.221.3
162,Fabio,Harvie,fharvie2w@microsoft.com,Male,22.159.167.148
101,Meghann,Dorin,mdorin2x@npr.org,Female,248.90.91.191
847,Tanner,Finden,tfinden2y@addthis.com,Male,131.25.158.205
775,Cornall,Bister,cbister2z@facebook.com,Male,151.77.208.100
871,Frederick,Bertouloume,fbertouloume30@soundcloud.com,Male,61.247.122.57
662,Raymund,Luckett,rluckett31@angelfire.com,Male,213.50.233.174
137,Odele,Sustins,osustins32@google.nl,Female,107.115.186.68
741,Filberto,St Leger,fstleger33@utexas.edu,Male,189.37.100.204
1,Margery,Gladhill,mgladhill34@rediff.com,Genderfluid,150.57.13.99
566,Hedwiga,McSporon,hmcsporon35@blinklist.com,Female,80.89.99.124
997,Lizabeth,Atthow,latthow36@youtube.com,Female,108.113.132.48
251,Ted,Jedrzejkiewicz,tjedrzejkiewicz37@usa.gov,Male,47.243.13.64
636,Karita,O'Fihily,kofihily38@sun.com,Female,229.243.94.77
17,Raynor,Pappi,rpappi39@go.com,Male,65.123.207.118
375,Alikee,Southers,asouthers3a@themeforest.net,Female,225.64.132.97
400,Shannan,McDonand,smcdonand3b@nih.gov,Polygender,211.97.128.243
735,Maude,Twelve,mtwelve3c@ibm.com,Female,4.94.70.215
408,Kerr,Dehm,kdehm3d@blogger.com,Male,197.189.208.106
565,Noak,Hydes,nhydes3e@sakura.ne.jp,Male,248.53.183.145
137,Annmarie,Sparshatt,asparshatt3f@alibaba.com,Female,227.19.200.248
514,Steve,Lea,slea3g@adobe.com,Male,38.33.29.188
547,Kathye,Hardiman,khardiman3h@youku.com,Female,198.98.244.14
721,Myrwyn,Greenham,mgreenham3i@soup.io,Genderfluid,204.208.28.122
11,Rhodie,Filipchikov,rfilipchikov3j@4shared.com,Female,51.79.146.207
885,Carmita,Clemow,cclemow3k@dropbox.com,Female,69.197.203.119
370,Conrad,Bartali,cbartali3l@slashdot.org,Male,102.254.233.91
683,Victor,Howselee,vhowselee3m@bloglines.com,Male,165.211.191.208
778,Candice,Hibling,chibling3n@biblegateway.com,Female,157.205.46.237
194,Melly,Phillipps,mphillipps3o@instagram.com,Female,208.120.101.66
420,Jehanna,Terbeek,jterbeek3p@shareasale.com,Female,48.196.24.208
300,Blane,Winmill,bwinmill3q@issuu.com,Male,85.212.162.38
417,Alane,Laetham,alaetham3r@netscape.com,Female,198.239.166.7
711,Evelin,Mulvin,emulvin3s@yahoo.co.jp,Male,89.62.217.99
85,Keane,Maestrini,kmaestrini3t@army.mil,Male,170.178.153.117
569,Dedra,Chantree,dchantree3u@tiny.cc,Female,133.253.17.188
428,Carmon,McCheyne,cmccheyne3v@phoca.cz,Genderqueer,238.172.9.106
808,Armin,Matheson,amatheson3w@about.com,Male,90.115.213.119
321,Mitchell,Whimper,mwhimper3x@prnewswire.com,Male,95.66.101.131
825,Alvie,Feaveryear,afeaveryear3y@infoseek.co.jp,Male,22.71.210.237
429,Peggie,Hacker,phacker3z@jugem.jp,Female,220.132.145.47
622,Thane,Speed,tspeed40@umich.edu,Male,189.109.104.17
371,Jaime,Coutthart,jcoutthart41@vk.com,Male,104.9.109.82
447,Abey,Osmund,aosmund42@admin.ch,Male,227.88.101.16
183,Keary,Fanstone,kfanstone43@goodreads.com,Male,55.192.205.63
154,Kaitlynn,Kelbie,kkelbie44@wikimedia.org,Female,180.163.229.77
598,Sutton,Danbury,sdanbury45@epa.gov,Male,254.159.109.228
553,Nixie,Huton,nhuton46@xing.com,Female,18.71.232.125
173,Alane,Petrillo,apetrillo47@free.fr,Female,240.174.219.17
299,Amalie,Rakes,arakes48@amazon.co.uk,Female,66.140.147.104
848,Dionysus,Scotfurth,dscotfurth49@over-blog.com,Male,162.61.199.240
372,Merrile,Sleet,msleet4a@netscape.com,Female,92.174.107.149
806,Henryetta,Martlew,hmartlew4b@i2i.jp,Female,6.48.141.5
723,Laurens,Prin,lprin4c@netscape.com,Male,49.160.54.205
85,Anne,Harkins,aharkins4d@infoseek.co.jp,Agender,123.72.142.134
601,Chrotoem,Boden,cboden4e@ted.com,Male,185.44.49.118
461,Jeannie,Bunhill,jbunhill4f@netlog.com,Female,2.178.117.146
781,Quentin,Sergant,qsergant4g@umich.edu,Female,53.64.41.20
719,Field,Risbridge,frisbridge4h@imdb.com,Male,147.65.205.42
881,Marilyn,Bradly,mbradly4i@goo.gl,Female,47.60.215.64
954,Aldwin,Pulman,apulman4j@hao123.com,Male,227.143.169.78
789,Elise,Dankersley,edankersley4k@scribd.com,Female,223.19.84.38
854,Rich,Berthome,rberthome4l@purevolume.com,Male,229.6.11.98
629,Manya,Crewdson,mcrewdson4m@is.gd,Agender,227.8.9.28
782,Arel,Brouard,abrouard4n@drupal.org,Male,215.96.51.202
828,Loydie,Gittus,lgittus4o@bandcamp.com,Male,168.227.56.138
291,Gladi,Gaddie,ggaddie4p@youtu.be,Female,182.103.192.58
811,Lula,Gosz,lgosz4q@google.fr,Female,46.82.55.218
469,Julietta,Scotter,jscotter4r@1688.com,Female,223.166.223.173
723,Louisa,Collecott,lcollecott4s@seattletimes.com,Female,70.236.240.245
113,Misha,McMeeking,mmcmeeking4t@go.com,Female,106.136.40.119
716,Thekla,Letterese,tletterese4u@biblegateway.com,Female,70.113.66.77
151,Dewie,Sugden,dsugden4v@t-online.de,Male,186.71.163.37
741,Alic,Gaitley,agaitley4w@blogtalkradio.com,Male,182.54.36.175
791,Hobart,Briar,hbriar4x@shareasale.com,Male,34.32.30.192
407,Sigismundo,Moggan,smoggan4y@businessweek.com,Male,35.243.32.21
676,Wright,Naden,wnaden4z@moonfruit.com,Male,147.71.113.179
404,Carmina,MacKnockiter,cmacknockiter50@netscape.com,Female,40.28.1.137
710,Emmett,Keenlyside,ekeenlyside51@boston.com,Male,189.234.104.83
55,Berny,Vautrey,bvautrey52@time.com,Male,183.130.40.13
547,Kienan,Dungate,kdungate53@pagesperso-orange.fr,Male,83.114.111.158
70,Stefania,Couling,scouling54@loc.gov,Female,176.134.188.201
522,Orin,Etches,oetches55@de.vu,Genderfluid,0.238.135.74
860,Tulley,Lapree,tlapree56@jiathis.com,Genderqueer,68.133.177.4
841,Cheston,Kundt,ckundt57@bravesites.com,Genderqueer,39.197.147.56
833,Alford,Lightbown,alightbown58@si.edu,Male,50.173.77.9
69,Alicia,Taggert,ataggert59@ca.gov,Female,215.201.238.161
71,Georgette,Choppin,gchoppin5a@studiopress.com,Female,5.104.182.9
199,Buddie,Campbell,bcampbell5b@ucoz.com,Male,214.139.208.30
551,Fredrika,Ruos,fruos5c@sohu.com,Female,1.127.229.110
373,Myrwyn,Melross,mmelross5d@sourceforge.net,Male,81.157.123.117
518,Lorianna,Bezants,lbezants5e@disqus.com,Female,145.17.25.22
230,Allen,Falls,afalls5f@moonfruit.com,Male,10.64.130.80
997,Latisha,Haensel,lhaensel5g@latimes.com,Female,95.75.70.120
708,Desmund,Maffia,dmaffia5h@vk.com,Male,113.77.139.252
806,Timmie,Woodard,twoodard5i@deviantart.com,Female,231.145.236.27
900,Derward,Brand-Hardy,dbrandhardy5j@shutterfly.com,Male,18.98.226.218
992,Bendix,Canfield,bcanfield5k@google.it,Male,217.126.38.67
556,Nickolai,Latchmore,nlatchmore5l@google.com,Male,104.182.152.19
665,Nehemiah,Beeken,nbeeken5m@phoca.cz,Male,3.53.223.37
491,Esra,Timbs,etimbs5n@amazon.com,Male,195.75.113.189
842,Brande,Southerden,bsoutherden5o@ifeng.com,Female,123.118.47.97
53,Lucio,Barthelemy,lbarthelemy5p@aol.com,Male,166.112.182.128
483,Maisie,Kinkaid,mkinkaid5q@friendfeed.com,Female,193.34.32.186
81,Roderigo,Butte,rbutte5r@comcast.net,Male,59.237.20.88
715,Giffy,Beranek,gberanek5s@newyorker.com,Male,236.214.135.165
715,Merissa,Presnell,mpresnell5t@simplemachines.org,Agender,238.6.255.217
174,Phaidra,Trask,ptrask5u@disqus.com,Female,101.145.121.96
54,Hadria,Muzzini,hmuzzini5v@cbsnews.com,Female,106.81.213.58
364,Cal,McCreary,cmccreary5w@biglobe.ne.jp,Female,229.74.98.245
600,Ardis,Leipelt,aleipelt5x@list-manage.com,Female,203.187.196.91
549,Sydney,Trenaman,strenaman5y@hhs.gov,Male,53.137.187.186
261,Syman,Wofenden,swofenden5z@ihg.com,Male,60.186.202.209
544,Robin,Blooman,rblooman60@myspace.com,Male,66.198.62.193
326,Tara,Ginty,tginty61@twitpic.com,Female,174.77.232.226
328,Linnea,Sturdy,lsturdy62@stanford.edu,Female,159.74.26.11
554,Griff,Corbie,gcorbie63@shinystat.com,Male,233.11.14.252
729,Ceil,Brewin,cbrewin64@pcworld.com,Female,188.24.39.75
509,Louie,Fucher,lfucher65@amazon.co.uk,Male,169.68.230.118
792,Wilhelmine,Balk,wbalk66@about.me,Female,159.243.53.215
611,Flem,MacNeely,fmacneely67@reddit.com,Male,64.249.48.229
623,Vivyan,Bulger,vbulger68@soundcloud.com,Female,56.58.51.199
31,Harwilll,Dacombe,hdacombe69@paypal.com,Male,213.27.76.7
253,Harriet,Lucius,hlucius6a@usnews.com,Female,71.218.45.243
729,Kira,Harbage,kharbage6b@jimdo.com,Female,73.212.192.69
164,Kelwin,Kohrsen,kkohrsen6c@parallels.com,Male,250.34.188.150
656,Wit,Rickhuss,wrickhuss6d@cisco.com,Male,14.136.135.53
40,Cortie,Defrain,cdefrain6e@goodreads.com,Male,82.16.119.27
632,Terrell,Lunbech,tlunbech6f@geocities.jp,Male,44.236.13.105
829,Babb,Hallward,bhallward6g@home.pl,Female,0.52.173.23
438,Sari,Dumphries,sdumphries6h@jalbum.net,Female,128.85.120.229
245,Darb,Densey,ddensey6i@ucla.edu,Male,57.77.70.13
767,Ced,Callam,ccallam6j@sakura.ne.jp,Male,56.165.114.164
12,Andreana,Greave,agreave6k@comcast.net,Polygender,145.241.16.25
939,Cyndi,MacCahey,cmaccahey6l@seesaa.net,Female,19.16.215.49
294,Klarrisa,Russe,krusse6m@de.vu,Female,232.36.71.63
787,Sergent,Dawney,sdawney6n@theatlantic.com,Male,160.93.25.231
790,Karina,Fidge,kfidge6o@usnews.com,Polygender,80.4.232.56
357,Cornall,Lukins,clukins6p@weebly.com,Male,235.225.122.22
571,Flint,Berardt,fberardt6q@ask.com,Male,235.46.164.19
260,Elonore,Eck,eeck6r@google.es,Female,63.209.185.86
157,Haze,Avrahamian,havrahamian6s@gnu.org,Male,89.46.82.87
835,Dorree,Falls,dfalls6t@cocolog-nifty.com,Female,44.69.6.103
214,Hazlett,Eskriett,heskriett6u@yellowpages.com,Male,195.125.253.40
250,Rianon,Postan,rpostan6v@1und1.de,Female,8.151.239.231
770,Rivalee,Haccleton,rhaccleton6w@myspace.com,Female,59.124.185.15
265,Valerye,Seden,vseden6x@smh.com.au,Female,168.22.151.239
529,Pace,Brabin,pbrabin6y@umn.edu,Male,181.157.172.131
45,Patten,Widmore,pwidmore6z@devhub.com,Male,58.189.102.21
357,Gretchen,Ireland,gireland70@blinklist.com,Female,121.208.252.191
876,Ardelia,Pinke,apinke71@mtv.com,Female,64.176.139.120
343,Philippine,Drinkhill,pdrinkhill72@bing.com,Female,166.219.144.183
42,Loydie,Henbury,lhenbury73@dmoz.org,Male,183.93.37.92
54,Carita,Palfree,cpalfree74@buzzfeed.com,Female,104.191.19.87
813,Kassandra,Noni,knoni75@constantcontact.com,Non-binary,125.253.213.251
821,Dolf,Lerway,dlerway76@163.com,Male,42.191.72.83
882,Marketa,Pena,mpena77@blogspot.com,Female,163.163.80.98
523,Bettye,Nodin,bnodin78@home.pl,Genderfluid,83.236.88.179
526,Pietrek,Margeram,pmargeram79@printfriendly.com,Non-binary,107.153.175.57
20,Roth,Choppen,rchoppen7a@sun.com,Male,35.231.251.62
719,Mose,McGrane,mmcgrane7b@multiply.com,Male,178.233.183.125
42,Walther,Petrollo,wpetrollo7c@answers.com,Male,97.70.192.162
960,Gifford,Clemmitt,gclemmitt7d@scribd.com,Male,185.130.223.120
125,Jeannie,Fairbank,jfairbank7e@amazon.com,Female,26.147.127.235
877,Patrick,Woolger,pwoolger7f@google.it,Male,98.66.97.72
515,Hallsy,Mary,hmary7g@acquirethisname.com,Male,63.181.226.16
301,Devonna,Meachen,dmeachen7h@tuttocitta.it,Agender,40.231.163.227
570,Tremain,Silk,tsilk7i@japanpost.jp,Male,111.23.153.176
859,Andrei,Lightwood,alightwood7j@chicagotribune.com,Female,188.176.198.183
367,Niko,Karczinski,nkarczinski7k@yelp.com,Male,151.233.249.52
886,Grove,Vasilenko,gvasilenko7l@tamu.edu,Male,156.21.200.55
383,Finn,Jenicek,fjenicek7m@plala.or.jp,Male,105.228.157.220
842,Arluene,Trail,atrail7n@latimes.com,Female,85.21.228.166
319,Ingeborg,Allflatt,iallflatt7o@ifeng.com,Polygender,217.156.206.32
203,Othelia,Tesmond,otesmond7p@pen.io,Female,232.207.172.238
616,Alverta,Weiser,aweiser7q@blinklist.com,Female,116.25.19.97
251,Magda,Geraldo,mgeraldo7r@washington.edu,Female,243.71.175.136
65,Elke,Billborough,ebillborough7s@washington.edu,Female,145.254.251.104
734,Winni,Slamaker,wslamaker7t@blogs.com,Female,111.143.51.233
892,Clayborne,Ankrett,cankrett7u@purevolume.com,Male,164.64.240.40
413,Davis,Rosenbusch,drosenbusch7v@ted.com,Male,164.175.37.32
811,Ellis,Sinnott,esinnott7w@pagesperso-orange.fr,Male,163.175.83.56
697,Stevana,Kennedy,skennedy7x@marketwatch.com,Female,76.63.213.147
579,Katrine,Kyte,kkyte7y@plala.or.jp,Female,131.141.231.129
824,Katrinka,Gittens,kgittens7z@bluehost.com,Female,193.63.213.82
426,Killie,Frayn,kfrayn80@1und1.de,Male,194.90.61.9
230,Kip,Kops,kkops81@soup.io,Male,247.214.200.173
142,Oliviero,Leeder,oleeder82@tuttocitta.it,Male,238.244.191.209
797,Dexter,Frazier,dfrazier83@lycos.com,Male,176.187.124.222
815,Hercule,Romain,hromain84@pen.io,Male,229.95.218.19
285,Tobe,Sturridge,tsturridge85@geocities.jp,Female,18.203.21.70
341,Esta,Dripps,edripps86@odnoklassniki.ru,Female,191.177.114.89
442,Rochell,Viles,rviles87@soup.io,Female,226.179.126.197
184,Sherilyn,Assinder,sassinder88@home.pl,Female,35.74.235.159
187,Kendrick,Toffoloni,ktoffoloni89@51.la,Male,35.11.105.66
355,Lesly,Garard,lgarard8a@samsung.com,Female,178.183.9.35
138,Randa,Christophe,rchristophe8b@craigslist.org,Agender,114.1.204.107
470,Remington,Maghull,rmaghull8c@amazon.co.jp,Male,243.222.17.159
783,Winifred,Kretchmer,wkretchmer8d@spiegel.de,Female,59.232.90.151
965,Patience,Fillan,pfillan8e@squarespace.com,Female,251.138.70.36
923,Mose,Setterfield,msetterfield8f@smh.com.au,Male,157.54.192.161
652,Carol-jean,Kimbly,ckimbly8g@cpanel.net,Bigender,185.117.122.20
229,Levy,Bastone,lbastone8h@bloglines.com,Male,81.178.255.204
922,Paquito,Gaynes,pgaynes8i@shutterfly.com,Male,195.163.162.108
925,Welsh,Emor,wemor8j@reverbnation.com,Male,30.231.251.25
349,Salvador,Szachniewicz,sszachniewicz8k@biblegateway.com,Male,253.190.161.106
991,Manda,Benezeit,mbenezeit8l@parallels.com,Female,66.89.231.154
218,Arvin,Akker,aakker8m@google.fr,Male,53.72.155.220
656,Kathleen,Faveryear,kfaveryear8n@dyndns.org,Female,163.196.146.148
323,Zacharie,Tarry,ztarry8o@de.vu,Male,21.54.7.125
791,Toby,Josef,tjosef8p@psu.edu,Female,59.169.82.109
446,Coleman,Baldocci,cbaldocci8q@omniture.com,Male,21.93.154.138
575,Valene,Barwell,vbarwell8r@theatlantic.com,Genderfluid,140.165.251.160
442,Ezmeralda,Kelston,ekelston8s@shareasale.com,Female,195.197.49.12
525,Rosene,Gaw,rgaw8t@deliciousdays.com,Female,38.159.218.44
651,Jane,Ockland,jockland8u@last.fm,Female,123.88.175.73
781,Rebecca,Littlechild,rlittlechild8v@shareasale.com,Female,130.234.221.165
614,Adiana,Woolcocks,awoolcocks8w@utexas.edu,Genderfluid,185.31.3.20
690,Toddie,Roo,troo8x@smugmug.com,Male,183.211.152.67
335,Annmarie,Abyss,aabyss8y@paypal.com,Female,151.17.38.154
583,Efrem,Ceney,eceney8z@clickbank.net,Male,138.145.9.90
850,Dorella,Burmingham,dburmingham90@liveinternet.ru,Genderqueer,75.103.246.184
771,Shane,Bass,sbass91@hexun.com,Male,165.163.234.87
544,Grantley,Tidbald,gtidbald92@army.mil,Male,149.167.126.16
459,Piper,Grzegorczyk,pgrzegorczyk93@usnews.com,Female,118.121.61.233
668,Reinhard,Garner,rgarner94@gmpg.org,Male,204.67.215.206
483,Wit,Hembling,whembling95@utexas.edu,Male,14.6.101.152
960,Alfie,Grinsdale,agrinsdale96@printfriendly.com,Male,63.205.208.189
639,Gwenore,Proom,gproom97@free.fr,Agender,245.168.233.195
746,Lew,Annies,lannies98@hubpages.com,Male,243.104.242.134
228,Edithe,Achromov,eachromov99@fotki.com,Female,97.30.176.190
610,Bonni,Foden,bfoden9a@123-reg.co.uk,Agender,243.184.195.240
912,Matilde,Filippozzi,mfilippozzi9b@tripadvisor.com,Female,246.149.21.51
677,Jewelle,Joyce,jjoyce9c@biglobe.ne.jp,Female,127.175.109.58
567,Herby,Seargeant,hseargeant9d@apple.com,Male,177.86.45.201
470,Albertina,Whyler,awhyler9e@furl.net,Female,8.64.10.176
946,Mauricio,Blowes,mblowes9f@jalbum.net,Male,247.171.249.168
888,Agna,Bothams,abothams9g@eepurl.com,Female,78.96.214.207
147,Hamid,Gorrie,hgorrie9h@toplist.cz,Male,68.229.14.98
102,Verney,Ferraresi,vferraresi9i@umich.edu,Genderqueer,99.180.133.211
206,Pattie,Pidgeley,ppidgeley9j@cisco.com,Male,226.25.80.185
220,Aubrey,Toffler,atoffler9k@google.fr,Male,49.114.212.225
647,Theresita,Covill,tcovill9l@cbslocal.com,Female,46.99.43.253
37,Brina,Ditchett,bditchett9m@google.co.jp,Female,141.189.94.5
111,Mari,Bovaird,mbovaird9n@google.nl,Female,130.130.6.89
77,Amanda,Sheen,asheen9o@globo.com,Female,89.147.126.112
261,Maridel,Peris,mperis9p@163.com,Female,111.43.218.133
33,Elmer,Gierth,egierth9q@skyrock.com,Male,39.126.172.132
793,Bird,Freyne,bfreyne9r@sciencedirect.com,Non-binary,209.19.100.143
242,Paulo,Dallman,pdallman9s@springer.com,Male,73.125.70.13
245,Cacilia,Blankau,cblankau9t@about.com,Female,208.70.188.55
696,Raymond,Carville,rcarville9u@globo.com,Male,156.93.116.16
197,Parker,Kave,pkave9v@theatlantic.com,Male,255.186.245.31
188,Beaufort,Janaszewski,bjanaszewski9w@ocn.ne.jp,Male,102.41.171.163
296,Elke,Heggman,eheggman9x@behance.net,Female,23.247.32.221
970,Shirley,Acland,sacland9y@istockphoto.com,Female,252.45.19.60
374,Antoinette,Speake,aspeake9z@wordpress.com,Female,205.47.2.107
574,Palm,Brealey,pbrealeya0@cnet.com,Polygender,105.3.177.204
54,Kellia,Gounod,kgounoda1@github.io,Female,62.92.2.112
398,Yurik,Romanin,yromanina2@4shared.com,Male,109.7.148.15
676,Micah,Cashin,mcashina3@mashable.com,Male,88.184.73.60
911,Celka,Aspinall,caspinalla4@seesaa.net,Female,127.169.250.103
756,Frans,Auchterlony,fauchterlonya5@dion.ne.jp,Male,201.135.77.34
820,Ina,Labarre,ilabarrea6@moonfruit.com,Female,114.65.191.197
197,Sabra,Gurdon,sgurdona7@github.io,Female,90.188.216.74
690,Hank,Rowsel,hrowsela8@wp.com,Non-binary,47.214.132.117
974,Shandra,Kellough,skellougha9@edublogs.org,Female,140.238.173.189
509,Joella,Grimme,jgrimmeaa@smh.com.au,Female,134.242.69.6
419,Nichol,Pedwell,npedwellab@auda.org.au,Female,91.220.65.250
915,Clem,Georgievski,cgeorgievskiac@nih.gov,Male,134.56.110.224
184,Hilliard,Strattan,hstrattanad@go.com,Male,187.116.233.150
842,Matthew,Stanyer,mstanyerae@bbb.org,Male,144.110.16.146
306,Viki,Codlin,vcodlinaf@arstechnica.com,Female,104.14.234.16
568,Audra,Draper,adraperag@amazon.de,Female,82.250.110.36
877,Wit,Spellman,wspellmanah@51.la,Male,159.53.11.162
923,Hewe,Golborn,hgolbornai@imageshack.us,Male,194.35.19.27
690,Aggi,Fuentes,afuentesaj@ifeng.com,Genderfluid,164.74.4.62
902,Lief,Rosenbusch,lrosenbuschak@chron.com,Agender,3.33.186.22
348,Bucky,Roebottom,broebottomal@nba.com,Bigender,20.49.213.134
952,Larry,Shenfisch,lshenfischam@diigo.com,Male,246.131.87.96
653,Son,Braunlein,sbraunleinan@nymag.com,Male,12.186.30.165
685,Egor,Toland,etolandao@is.gd,Male,155.117.41.100
374,Hyman,Loakes,hloakesap@usa.gov,Male,146.73.31.202
894,Gerri,Itzik,gitzikaq@redcross.org,Female,254.122.76.235
158,Maxie,Yakhin,myakhinar@indiegogo.com,Male,139.113.95.95
552,Sanders,Clabburn,sclabburnas@qq.com,Male,68.82.130.129
61,Paton,Cahalan,pcahalanat@msn.com,Male,234.78.45.29
404,Arman,Burnsell,aburnsellau@cisco.com,Male,95.96.196.202
173,Sheelagh,Dodgshun,sdodgshunav@goodreads.com,Female,120.20.64.163
294,Alphonso,Arnow,aarnowaw@hao123.com,Male,160.117.241.81
576,Serene,Wennam,swennamax@prnewswire.com,Female,195.17.229.175
678,Gunner,Eschalette,geschaletteay@mlb.com,Male,83.80.18.123
529,Arly,Maffezzoli,amaffezzoliaz@wix.com,Agender,33.97.232.15
54,Gipsy,Hansemann,ghansemannb0@shutterfly.com,Female,229.88.49.165
276,Reynolds,Gwilym,rgwilymb1@bbb.org,Male,238.251.97.239
67,Flynn,Kehoe,fkehoeb2@answers.com,Bigender,19.72.246.148
753,Patric,Clell,pclellb3@instagram.com,Male,174.112.30.65
626,Baxy,Cisco,bciscob4@addtoany.com,Male,120.163.228.80
989,Jacenta,Rycroft,jrycroftb5@bravesites.com,Female,144.47.191.248
165,Dorelia,Fowlston,dfowlstonb6@netscape.com,Female,129.1.127.45
811,Eleanora,Shakespear,eshakespearb7@google.fr,Female,9.62.237.152
70,Saraann,Wroth,swrothb8@marriott.com,Female,81.241.112.123
524,Charlene,Simkin,csimkinb9@sun.com,Female,128.171.169.225
191,Gates,Yakunikov,gyakunikovba@amazon.co.uk,Female,118.234.157.17
290,Jacquie,Housbey,jhousbeybb@google.ru,Female,18.202.193.161
457,Zaneta,Baccus,zbaccusbc@deliciousdays.com,Female,69.178.144.57
924,Dwayne,Flatte,dflattebd@edublogs.org,Male,12.156.126.228
904,Pete,Origan,poriganbe@usatoday.com,Male,95.211.237.251
733,Missy,Peto,mpetobf@nytimes.com,Genderfluid,84.66.134.132
562,Robenia,Neill,rneillbg@auda.org.au,Female,8.68.185.172
71,Kinna,Henaughan,khenaughanbh@java.com,Female,89.43.124.3
456,Helenelizabeth,Othen,hothenbi@tiny.cc,Female,250.79.22.235
564,Rhea,Camillo,rcamillobj@hao123.com,Female,206.33.166.156
561,Dixie,Twiname,dtwinamebk@cdbaby.com,Female,186.223.156.223
207,Town,Govier,tgovierbl@spotify.com,Male,159.223.88.210
26,Ranee,Kitching,rkitchingbm@rediff.com,Female,121.214.79.231
119,Catharina,Winley,cwinleybn@mozilla.com,Agender,53.35.44.192
248,Tracey,Rainey,traineybo@forbes.com,Male,107.215.246.189
550,Marika,Wyer,mwyerbp@printfriendly.com,Female,233.36.133.73
879,Royce,Brauns,rbraunsbq@youtube.com,Male,131.239.62.208
618,Pierette,Edelheid,pedelheidbr@ca.gov,Female,104.70.163.201
516,Isahella,Littlewood,ilittlewoodbs@indiatimes.com,Female,56.64.223.73
83,Manda,Milsap,mmilsapbt@census.gov,Female,237.161.49.103
565,Berrie,Bolens,bbolensbu@ycombinator.com,Female,50.161.195.120
201,Tobias,Teresia,tteresiabv@ow.ly,Male,166.5.162.201
776,Glenna,Brunsdon,gbrunsdonbw@mail.ru,Female,253.33.199.6
53,Justinian,Bulley,jbulleybx@imgur.com,Male,67.182.27.175
914,Marcel,Calow,mcalowby@flickr.com,Male,79.128.83.142
712,Sorcha,Snoxell,ssnoxellbz@skype.com,Female,15.165.31.51
384,Dewitt,Corteney,dcorteneyc0@ox.ac.uk,Male,133.139.16.41
621,Alethea,Lynnett,alynnettc1@list-manage.com,Female,19.108.209.197
863,Lissa,Atheis,latheisc2@uiuc.edu,Female,68.148.56.21
374,Zelma,York,zyorkc3@latimes.com,Female,223.224.69.248
191,Netta,Gouley,ngouleyc4@cyberchimps.com,Female,6.175.24.209
27,Brittany,Chasle,bchaslec5@ucla.edu,Female,47.41.28.125
991,Ursola,Blofield,ublofieldc6@is.gd,Female,69.245.100.88
428,Osbert,Illingsworth,oillingsworthc7@shutterfly.com,Male,149.246.113.38
508,Padget,Plomer,pplomerc8@quantcast.com,Male,172.173.216.143
249,Monro,Salandino,msalandinoc9@usda.gov,Male,156.118.197.54
908,Latrena,Mont,lmontca@jiathis.com,Female,126.202.167.173
471,Lin,Greensides,lgreensidescb@tumblr.com,Male,86.46.122.78
490,Tiebout,Perillo,tperillocc@harvard.edu,Male,17.228.92.186
163,Antonie,Fiennes,afiennescd@seesaa.net,Female,222.180.206.248
749,Sharla,Asaaf,sasaafce@nasa.gov,Female,100.137.6.128
49,Grange,Sigg,gsiggcf@unc.edu,Male,247.132.186.112
91,Alvina,Greatbanks,agreatbankscg@sfgate.com,Female,242.141.127.223
801,Vilma,Brunker,vbrunkerch@gravatar.com,Female,78.89.43.114
547,Ainslie,Pinkerton,apinkertonci@arizona.edu,Female,51.142.97.158
155,Geri,Wickins,gwickinscj@google.com.au,Female,193.202.27.134
420,Emmalynn,Talby,etalbyck@instagram.com,Female,92.1.210.180
376,Cally,Schimann,cschimanncl@fda.gov,Female,169.156.136.56
600,Mathias,Laverenz,mlaverenzcm@smugmug.com,Male,127.53.54.163
973,Gardy,Morrison,gmorrisoncn@utexas.edu,Male,127.191.152.51
649,Lukas,Kearn,lkearnco@rediff.com,Male,249.135.19.72
547,Ash,Cotterrill,acotterrillcp@godaddy.com,Male,234.55.85.240
123,Shaylyn,Vedenyakin,svedenyakincq@mac.com,Female,175.214.72.82
1000,Merla,Matej,mmatejcr@cnet.com,Female,34.36.101.149
697,Estele,Warcup,ewarcupcs@virginia.edu,Female,107.149.17.217
270,Brantley,Durban,bdurbanct@yellowbook.com,Male,62.94.216.166
671,Fons,Sime,fsimecu@a8.net,Male,203.169.196.206
175,Estrellita,Tyt,etytcv@wisc.edu,Female,111.154.128.100
551,Merwyn,Simonnin,msimonnincw@tinypic.com,Bigender,157.224.195.165
554,Ottilie,Turneux,oturneuxcx@baidu.com,Female,176.82.199.249
277,Angil,Imrie,aimriecy@mayoclinic.com,Female,35.157.24.94
554,Brooks,Rotchell,brotchellcz@nytimes.com,Female,6.135.84.27
202,Aldrich,Blackly,ablacklyd0@redcross.org,Male,183.202.172.58
576,Massimiliano,Whistan,mwhistand1@diigo.com,Male,46.51.246.213
496,Marv,Corrigan,mcorrigand2@aboutads.info,Male,7.245.170.37
596,Vidovic,Dutch,vdutchd3@rambler.ru,Male,151.137.219.62
88,Elane,Tidgewell,etidgewelld4@homestead.com,Female,2.29.93.99
732,Janice,MacDonough,jmacdonoughd5@fema.gov,Female,68.34.80.158
20,Rivkah,Raftery,rrafteryd6@eepurl.com,Polygender,253.215.253.172
280,Jobina,Brewer,jbrewerd7@homestead.com,Female,17.121.199.214
293,Kaja,MacLise,kmaclised8@tripadvisor.com,Female,33.177.7.240
424,Helena,Shark,hsharkd9@qq.com,Female,183.21.0.50
151,Paige,Trusse,ptrusseda@ucoz.ru,Male,56.217.202.98
202,Delia,Assante,dassantedb@youtu.be,Genderqueer,7.97.73.81
206,Zsa zsa,Schimek,zschimekdc@tuttocitta.it,Female,25.223.81.164
980,Hasty,Nutton,hnuttondd@mapquest.com,Male,75.96.25.26
601,Lek,Sillick,lsillickde@barnesandnoble.com,Male,180.228.163.222
968,Breena,Brimblecombe,bbrimblecombedf@gizmodo.com,Female,84.116.182.17
703,Marlowe,Huriche,mhurichedg@google.com.au,Male,75.159.187.111
198,Teddy,Callar,tcallardh@google.com.br,Male,205.38.249.122
699,Tine,Curthoys,tcurthoysdi@xrea.com,Female,98.108.109.80
206,Thorn,Roome,troomedj@apache.org,Polygender,100.37.147.181
13,Rufus,Marflitt,rmarflittdk@china.com.cn,Male,96.221.165.124
972,Friederike,Valasek,fvalasekdl@cpanel.net,Female,175.58.84.83
338,Renelle,Hauxley,rhauxleydm@google.cn,Female,161.147.90.178
334,Kendell,Fulton,kfultondn@flickr.com,Male,188.131.111.119
133,Avril,Morhall,amorhalldo@msu.edu,Female,27.224.117.233
833,Jefferey,Ketcher,jketcherdp@nifty.com,Male,76.248.180.140
719,Corri,Lamblot,clamblotdq@utexas.edu,Female,78.231.201.225
592,Georgiana,Swetman,gswetmandr@wikia.com,Female,220.244.37.126
564,Adela,Kleinerman,akleinermands@tmall.com,Female,162.133.36.130
503,Omero,Kuhwald,okuhwalddt@ehow.com,Male,126.129.241.38
299,Dora,Aspinall,daspinalldu@ihg.com,Female,253.155.162.173
748,Ketti,Timbrell,ktimbrelldv@chronoengine.com,Female,138.250.169.228
37,Frasco,Mingaye,fmingayedw@java.com,Male,181.111.83.66
140,Zorina,Abbiss,zabbissdx@issuu.com,Agender,63.78.43.127
763,Kitti,Juett,kjuettdy@vkontakte.ru,Female,54.253.133.52
250,Else,Keeves,ekeevesdz@wikia.com,Female,196.139.176.93
963,Maddie,Haskins,mhaskinse0@washingtonpost.com,Female,57.171.80.204
421,Veradis,Riccetti,vriccettie1@clickbank.net,Female,81.157.227.115
830,Cris,Bruun,cbruune2@chron.com,Female,76.37.155.166
464,William,Allsebrook,wallsebrooke3@patch.com,Male,247.98.111.71
858,Verney,Willingam,vwillingame4@google.com,Male,83.44.114.77
453,Moses,Todeo,mtodeoe5@pcworld.com,Polygender,131.221.5.206
84,Seymour,Gleeson,sgleesone6@wunderground.com,Male,243.150.39.197
609,Lionello,Doudney,ldoudneye7@noaa.gov,Male,30.79.248.192
847,Guss,Combe,gcombee8@wikipedia.org,Male,58.240.183.231
236,Harp,Worham,hworhame9@tamu.edu,Male,168.85.113.91
145,Salomi,Rosenvasser,srosenvasserea@go.com,Non-binary,84.158.202.211
662,Lorrie,Shreeves,lshreeveseb@xrea.com,Male,123.173.155.86
3,Brana,Risdale,brisdaleec@is.gd,Female,120.135.195.26
616,Lonna,Dent,ldented@imgur.com,Female,249.83.10.96
901,Elsi,Limming,elimmingee@fema.gov,Female,247.199.71.66
208,Darbee,Woodington,dwoodingtonef@hhs.gov,Male,3.190.229.145
269,Hayes,Perrottet,hperrotteteg@trellian.com,Male,249.178.253.155
322,Kerstin,Wandtke,kwandtkeeh@furl.net,Female,64.183.206.174
151,Kristel,Dinkin,kdinkinei@weather.com,Female,141.7.117.224
834,Mozelle,Veltmann,mveltmannej@flavors.me,Female,250.226.166.206
63,Ludovico,Sallans,lsallansek@wikimedia.org,Male,170.211.124.177
788,Gilberta,Tudge,gtudgeel@elpais.com,Female,84.113.67.60
97,Hoyt,Roubert,hroubertem@dedecms.com,Male,203.68.60.31
879,Base,Dunnett,bdunnetten@moonfruit.com,Male,230.1.62.45
758,Mil,Kermannes,mkermanneseo@google.es,Female,150.211.193.77
293,Stavros,McMurty,smcmurtyep@livejournal.com,Polygender,108.218.181.217
413,Bobina,Semrad,bsemradeq@nationalgeographic.com,Polygender,189.227.85.73
995,Kellina,McOrkill,kmcorkiller@washington.edu,Female,46.250.171.204
808,Roi,Mottershead,rmottersheades@sohu.com,Male,125.148.22.112
610,Vernon,Fowkes,vfowkeset@cam.ac.uk,Male,101.126.131.14
538,Madelle,Fielder,mfieldereu@is.gd,Female,186.182.1.145
143,Cchaddie,Tomasek,ctomasekev@homestead.com,Male,83.172.168.211
80,Heriberto,Pauleau,hpauleauew@cloudflare.com,Non-binary,231.206.120.158
984,Godfry,Crosland,gcroslandex@webeden.co.uk,Male,240.172.43.1
537,Hermann,Hamnet,hhamnetey@google.com,Male,217.131.144.246
862,Florence,Kienlein,fkienleinez@vkontakte.ru,Female,42.166.115.215
658,Huberto,Pietzner,hpietznerf0@redcross.org,Male,48.64.220.61
584,Melany,Bolderson,mboldersonf1@sciencedaily.com,Female,185.252.122.75
664,Chauncey,Dunan,cdunanf2@google.it,Male,129.172.182.244
583,Krishnah,Athowe,kathowef3@godaddy.com,Male,214.215.217.2
705,Niccolo,Graalman,ngraalmanf4@is.gd,Male,71.138.77.147
641,Trueman,Coleson,tcolesonf5@ted.com,Male,178.89.62.92
119,Petronia,Rechert,prechertf6@forbes.com,Female,16.217.160.170
286,Bernie,Winchcum,bwinchcumf7@cmu.edu,Female,30.24.106.165
908,Bartolemo,Lalevee,blaleveef8@i2i.jp,Male,199.136.93.72
114,Gabi,Edmons,gedmonsf9@canalblog.com,Male,234.180.250.104
963,Sosanna,Fulger,sfulgerfa@phoca.cz,Female,9.101.151.208
152,Clementius,Clem,cclemfb@ebay.co.uk,Male,118.16.202.140
822,Bartholomeus,Pegg,bpeggfc@google.ru,Polygender,115.76.29.126
232,Aubrey,Cullinan,acullinanfd@slate.com,Male,225.106.131.107
418,Keely,Domniney,kdomnineyfe@accuweather.com,Female,80.250.134.163
950,Shep,Arington,saringtonff@vistaprint.com,Bigender,208.22.31.85
254,Eirena,Benezet,ebenezetfg@spiegel.de,Polygender,91.14.108.109
40,Eran,Vynehall,evynehallfh@cnet.com,Bigender,143.14.149.48
332,Byrle,Skirvane,bskirvanefi@sphinn.com,Genderqueer,55.34.193.224
290,Bronson,Speedy,bspeedyfj@npr.org,Male,106.22.46.95
64,Terrill,Worster,tworsterfk@technorati.com,Male,182.23.74.66
21,Janene,Finder,jfinderfl@smh.com.au,Female,97.156.127.121
910,Freddie,Guirau,fguiraufm@live.com,Male,248.128.16.53
688,Dolly,Diehn,ddiehnfn@scribd.com,Female,101.69.181.77
307,Elisa,Slowly,eslowlyfo@skyrock.com,Female,56.32.93.84
200,Dorothee,Godbert,dgodbertfp@pagesperso-orange.fr,Female,60.18.28.197
103,Barri,McWard,bmcwardfq@ehow.com,Male,119.237.8.191
362,Eleonora,Earthfield,eearthfieldfr@vk.com,Genderqueer,239.222.98.20
770,Adorne,Hark,aharkfs@bing.com,Agender,24.182.241.129
838,Addi,Duffill,aduffillft@jugem.jp,Female,232.196.0.82
99,Maryl,Reubens,mreubensfu@businessinsider.com,Female,251.236.73.42
865,Hercule,Steen,hsteenfv@newyorker.com,Male,191.236.59.199
712,Alan,Boumphrey,aboumphreyfw@mozilla.com,Male,193.247.124.222
591,Cherry,Bellinger,cbellingerfx@ca.gov,Female,232.23.233.101
597,Valeda,Brewers,vbrewersfy@example.com,Female,118.35.209.79
799,Alric,Belleny,abellenyfz@tmall.com,Male,136.5.208.2
960,Sayre,Creek,screekg0@sbwire.com,Male,171.222.53.211
668,Rebekkah,Hairyes,rhairyesg1@npr.org,Female,180.30.223.231
286,Susy,Chattington,schattingtong2@posterous.com,Female,134.218.134.17
520,Jonathon,MacKaig,jmackaigg3@telegraph.co.uk,Male,74.242.54.101
509,Rossy,Willetts,rwillettsg4@nationalgeographic.com,Male,171.57.100.217
119,Erda,MacAllan,emacallang5@zimbio.com,Female,97.49.127.10
114,Bess,Bussens,bbussensg6@state.tx.us,Female,67.220.255.227
785,Janette,Vicker,jvickerg7@wufoo.com,Female,77.54.224.42
839,Dalia,Babonau,dbabonaug8@jiathis.com,Female,178.233.234.71
690,Lorain,Hutcheon,lhutcheong9@qq.com,Female,160.252.138.235
780,Andros,Jans,ajansga@symantec.com,Male,4.112.8.241
429,Roobbie,Elmer,relmergb@zdnet.com,Female,189.178.170.247
837,Hart,Sains,hsainsgc@jugem.jp,Male,98.232.196.192
291,Giorgi,Aves,gavesgd@dailymail.co.uk,Male,86.182.190.195
190,Amy,Ors,aorsge@artisteer.com,Female,196.107.196.146
434,Rozalin,Behnen,rbehnengf@dedecms.com,Female,137.144.10.72
13,Matt,Genever,mgenevergg@java.com,Male,34.29.92.240
452,Kara,Ambrogioli,kambrogioligh@ning.com,Female,139.73.94.203
697,Garik,Maddy,gmaddygi@linkedin.com,Bigender,239.241.125.198
889,Alfie,Bernardinelli,abernardinelligj@linkedin.com,Male,60.230.111.54
139,Erna,Cowlas,ecowlasgk@yale.edu,Female,76.69.163.70
709,Gretta,Hallworth,ghallworthgl@ucsd.edu,Female,185.217.194.47
378,Alfy,McSwan,amcswangm@gizmodo.com,Male,60.79.45.182
718,Damaris,Slesser,dslessergn@nyu.edu,Female,197.89.243.122
506,Clarita,Arnke,carnkego@cam.ac.uk,Female,253.145.234.86
523,Gabe,Wotherspoon,gwotherspoongp@statcounter.com,Male,1.9.19.3
45,Patricia,Knibbs,pknibbsgq@cdc.gov,Female,113.84.148.229
816,Fredelia,Neeve,fneevegr@last.fm,Non-binary,73.103.123.99
113,Roma,Cardozo,rcardozogs@ebay.co.uk,Male,113.218.235.191
417,Jedd,Moscon,jmoscongt@cdc.gov,Male,84.98.231.42
625,Clerkclaude,Gillingwater,cgillingwatergu@joomla.org,Male,114.81.89.139
893,Dave,Follos,dfollosgv@biglobe.ne.jp,Male,144.254.97.51
772,Sheilakathryn,Sobczak,ssobczakgw@ocn.ne.jp,Female,9.29.54.60
130,Arleen,Coughan,acoughangx@wikipedia.org,Female,16.152.90.253
984,Eddy,Capponeer,ecapponeergy@tinypic.com,Male,120.112.53.121
418,Adrianne,Bisley,abisleygz@lulu.com,Female,219.32.107.240
227,Annabella,Michelet,amicheleth0@nasa.gov,Female,123.223.52.245
759,Iosep,Duckfield,iduckfieldh1@foxnews.com,Male,164.117.28.246
766,Addy,Ivankovic,aivankovich2@indiegogo.com,Male,109.105.28.32
113,Rosa,Mease,rmeaseh3@tumblr.com,Female,5.52.129.210
407,Ninnette,Elsmore,nelsmoreh4@sfgate.com,Polygender,136.66.162.210
951,Irina,Braunstein,ibraunsteinh5@yahoo.co.jp,Female,245.55.8.74
278,Tremain,Boice,tboiceh6@blogspot.com,Male,68.80.6.81
470,Mohammed,Sawyers,msawyersh7@ebay.com,Male,112.147.221.60
363,Carter,Spore,csporeh8@dion.ne.jp,Polygender,239.44.208.163
728,Bernadina,Rossbrook,brossbrookh9@imgur.com,Female,148.247.30.188
623,Jacquette,Ingray,jingrayha@sohu.com,Female,33.245.148.72
208,Leeland,Reinbeck,lreinbeckhb@ft.com,Male,41.255.241.172
151,Chloris,Normand,cnormandhc@paypal.com,Female,135.192.102.185
444,Tiffani,Medling,tmedlinghd@geocities.jp,Female,235.20.93.210
652,Gertie,Jewiss,gjewisshe@360.cn,Female,122.158.16.106
384,Anselma,Simoni,asimonihf@studiopress.com,Female,64.18.96.137
765,Aili,Olpin,aolpinhg@phoca.cz,Female,49.211.99.49
199,Kay,Iddens,kiddenshh@mashable.com,Female,20.120.131.121
20,Gabby,Wibrow,gwibrowhi@pbs.org,Male,57.221.177.137
556,Berrie,Soigoux,bsoigouxhj@ezinearticles.com,Female,208.252.21.206
462,Maritsa,Courtenay,mcourtenayhk@quantcast.com,Female,147.251.227.5
822,Ferdinanda,Addyman,faddymanhl@eepurl.com,Female,105.49.164.247
373,Druci,Zettler,dzettlerhm@hibu.com,Female,170.12.141.172
523,Haywood,Mycock,hmycockhn@mozilla.org,Male,189.79.34.20
955,Jacinta,Biggam,jbiggamho@slashdot.org,Female,27.223.68.191
906,Garrick,Cinelli,gcinellihp@furl.net,Male,21.106.242.247
693,Vannie,Harome,vharomehq@soup.io,Bigender,176.101.80.173
65,Farr,Brosenius,fbroseniushr@surveymonkey.com,Male,150.13.228.180
382,Virgilio,Hackworth,vhackworthhs@google.com.au,Male,220.243.229.248
292,Bartie,Barneveld,bbarneveldht@ebay.co.uk,Male,236.75.243.165
23,Briana,Ricco,briccohu@dagondesign.com,Female,34.72.218.48
60,Tobie,Farnsworth,tfarnsworthhv@dedecms.com,Male,151.38.225.22
724,Jazmin,Cota,jcotahw@theatlantic.com,Bigender,113.131.236.209
396,Sunny,Konzelmann,skonzelmannhx@sogou.com,Female,157.26.199.202
107,Penny,Sabates,psabateshy@ed.gov,Male,86.73.170.162
913,Darius,Neeve,dneevehz@state.tx.us,Male,152.3.160.85
414,Seka,O' Timony,sotimonyi0@xing.com,Female,206.7.179.95
208,Margy,Laetham,mlaethami1@ameblo.jp,Female,191.244.213.247
261,Mozelle,Serjeant,mserjeanti2@skype.com,Polygender,59.74.99.238
518,Phil,Silkston,psilkstoni3@cbslocal.com,Male,134.58.237.243
641,Kendre,Britzius,kbritziusi4@howstuffworks.com,Female,243.86.136.167
701,Ronny,Redmain,rredmaini5@bbc.co.uk,Male,186.77.162.149
249,Yetty,Salmons,ysalmonsi6@pen.io,Female,249.49.144.118
921,Katharyn,Morville,kmorvillei7@slashdot.org,Female,29.127.243.62
561,Dagmar,Danis,ddanisi8@google.es,Female,158.88.247.200
948,Grete,Foggo,gfoggoi9@sourceforge.net,Female,189.133.161.12
164,Fergus,McAvey,fmcaveyia@hexun.com,Male,31.66.93.104
971,Shell,Turtle,sturtleib@amazonaws.com,Female,56.152.79.141
103,Nancy,Varndall,nvarndallic@ucla.edu,Female,47.22.54.211
456,Corenda,Snaden,csnadenid@illinois.edu,Female,60.145.116.175
37,Rebbecca,Eagle,reagleie@theglobeandmail.com,Bigender,11.221.235.205
75,Annelise,MacAnelley,amacanelleyif@narod.ru,Female,58.82.87.80
440,Cecilio,Menham,cmenhamig@twitpic.com,Male,183.14.207.69
255,Haslett,Batthew,hbatthewih@bandcamp.com,Male,17.230.117.186
23,Robby,Lindell,rlindellii@newsvine.com,Male,41.155.176.114
209,Lethia,Tideswell,ltideswellij@clickbank.net,Female,3.112.116.87
462,Randell,Birley,rbirleyik@tuttocitta.it,Male,14.228.245.14
255,Sean,Dumsday,sdumsdayil@hibu.com,Male,47.47.204.11
145,Ellis,Bielfeld,ebielfeldim@devhub.com,Male,251.99.18.33
200,Charmian,Weiser,cweiserin@ihg.com,Female,216.248.112.113
146,Andy,Hebden,ahebdenio@bizjournals.com,Male,146.197.142.203
637,Vonnie,Southerton,vsouthertonip@nationalgeographic.com,Female,193.140.65.161
719,Pierre,Trimme,ptrimmeiq@ovh.net,Male,147.72.249.185
634,Sula,Wheeliker,swheelikerir@dedecms.com,Female,245.153.12.57
778,See,Satterley,ssatterleyis@cbslocal.com,Male,29.111.148.108
652,Phil,Fortnon,pfortnonit@theguardian.com,Male,121.233.98.150
598,Bridget,Mallia,bmalliaiu@newsvine.com,Female,102.133.118.199
360,Lind,McWilliams,lmcwilliamsiv@taobao.com,Male,70.82.74.236
554,Burt,Yearron,byearroniw@imgur.com,Male,57.21.251.42
81,Arabelle,Hellier,ahellierix@newsvine.com,Female,189.176.175.180
585,Dun,Legan,dleganiy@trellian.com,Male,15.196.50.81
851,Derrik,Derle,dderleiz@cisco.com,Male,68.162.225.70
390,Cori,Haseman,chasemanj0@booking.com,Female,210.144.59.145
621,Wald,Moat,wmoatj1@scientificamerican.com,Male,141.163.220.110
349,Sol,Brizell,sbrizellj2@stanford.edu,Male,19.191.208.202
53,Linnet,Epine,lepinej3@cbc.ca,Female,156.221.22.43
864,Cesya,Ingraham,cingrahamj4@kickstarter.com,Polygender,157.137.156.78
580,Lynnet,Oherlihy,loherlihyj5@1688.com,Female,195.36.169.18
132,Teirtza,Syde,tsydej6@china.com.cn,Female,110.135.68.148
994,Brad,Biddleston,bbiddlestonj7@themeforest.net,Male,216.219.250.186
338,Cyndie,Miguet,cmiguetj8@de.vu,Agender,233.20.160.112
43,Griffie,Wibberley,gwibberleyj9@miitbeian.gov.cn,Male,135.17.244.41
193,Kendell,Langdale,klangdaleja@weibo.com,Male,177.192.103.219
720,Tiffie,Ferrarini,tferrarinijb@harvard.edu,Female,211.15.113.4
262,Che,Hector,chectorjc@mtv.com,Male,109.103.59.9
541,Caryl,Caldecot,ccaldecotjd@earthlink.net,Male,40.63.34.90
768,Cully,Urpeth,curpethje@alexa.com,Male,149.165.240.3
981,Fair,Valentelli,fvalentellijf@zdnet.com,Male,213.243.50.12
880,Kiel,Baudet,kbaudetjg@tuttocitta.it,Male,114.68.228.147
651,Lenard,Torbet,ltorbetjh@unc.edu,Male,32.168.3.251
413,Winonah,Drennan,wdrennanji@dailymail.co.uk,Female,77.140.140.211
341,Garek,Dietmar,gdietmarjj@goo.ne.jp,Male,147.8.201.47
222,Kennith,Carbonell,kcarbonelljk@eepurl.com,Male,223.88.35.115
446,Wolf,Shuttle,wshuttlejl@goodreads.com,Male,57.138.216.56
905,Dennet,Coull,dcoulljm@taobao.com,Male,195.23.49.22
140,Tim,Towll,ttowlljn@marketwatch.com,Bigender,23.210.195.36
134,Corby,Beteriss,cbeterissjo@ed.gov,Male,242.202.107.216
53,Ewen,Mallinson,emallinsonjp@google.com.au,Male,183.74.17.122
503,Waylon,Yarrell,wyarrelljq@desdev.cn,Male,115.147.201.223
72,Randolph,Clampton,rclamptonjr@globo.com,Male,18.103.124.180
105,Bartram,Huntingdon,bhuntingdonjs@usnews.com,Male,57.83.13.240
867,Ernestine,Stert,estertjt@adobe.com,Agender,53.184.165.210
563,Dar,Astill,dastillju@simplemachines.org,Male,215.105.23.107
469,Olly,MacFaul,omacfauljv@homestead.com,Female,78.255.201.100
824,Millie,Greedyer,mgreedyerjw@phpbb.com,Non-binary,182.122.48.71
280,Dorrie,Rotter,drotterjx@zdnet.com,Female,219.239.145.164
222,Madella,Jowers,mjowersjy@hostgator.com,Female,236.206.175.157
765,Berkeley,Samuels,bsamuelsjz@diigo.com,Male,158.189.41.61
581,Eachelle,Randal,erandalk0@princeton.edu,Female,107.65.19.166
365,Donnie,Mahood,dmahoodk1@chron.com,Agender,122.75.229.178
646,Cayla,Taggert,ctaggertk2@nsw.gov.au,Female,26.205.172.196
462,Den,Carroll,dcarrollk3@i2i.jp,Male,211.102.53.224
669,Elke,Wabey,ewabeyk4@opensource.org,Female,94.81.244.3
902,Kaitlyn,Bonicelli,kbonicellik5@tamu.edu,Female,23.205.24.105
884,Randy,Cantero,rcanterok6@sbwire.com,Female,121.149.76.52
568,Burke,Sondon,bsondonk7@dailymotion.com,Non-binary,102.138.13.1
96,Brendon,Mansion,bmansionk8@elpais.com,Male,163.255.212.197
913,Kelley,Gallyhaock,kgallyhaockk9@multiply.com,Female,157.193.125.217
990,Phebe,Vint,pvintka@ebay.com,Genderqueer,50.74.161.221
302,Dotti,MacCallester,dmaccallesterkb@engadget.com,Female,25.138.105.52
987,Reinold,Varvara,rvarvarakc@purevolume.com,Male,59.109.226.223
364,Penn,Yeliashev,pyeliashevkd@blogs.com,Male,147.57.220.20
323,Tory,Bastock,tbastockke@prnewswire.com,Female,9.144.182.12
874,Emlyn,Larcher,elarcherkf@dell.com,Male,82.74.150.20
574,Carolus,Legrice,clegricekg@techcrunch.com,Male,131.92.143.56
318,Daron,Iacapucci,diacapuccikh@google.pl,Male,24.209.89.78
811,Luigi,Seddon,lseddonki@behance.net,Male,186.34.15.182
413,Carlye,Andriolli,candriollikj@businesswire.com,Female,117.36.216.69
351,Nobe,Hannum,nhannumkk@census.gov,Male,216.80.72.135
724,Karl,Morena,kmorenakl@wired.com,Male,250.110.155.54
297,Ivie,Statefield,istatefieldkm@berkeley.edu,Female,3.166.14.224
76,Terese,Ekless,teklesskn@flavors.me,Genderfluid,221.183.56.221
862,Sybille,Umpleby,sumplebyko@who.int,Female,157.61.173.9
435,Tobye,Roubay,troubaykp@skype.com,Female,103.86.220.38
182,Rebeka,Giovannardi,rgiovannardikq@lycos.com,Female,22.239.141.27
968,Gerhard,Sinnott,gsinnottkr@chronoengine.com,Male,187.114.34.242
86,Bartie,Miche,bmicheks@sun.com,Male,174.116.90.248
334,Ethe,Polack,epolackkt@xing.com,Male,225.93.152.80
975,Helaine,Peacey,hpeaceyku@oracle.com,Female,218.24.86.4
806,Bastien,Philipeaux,bphilipeauxkv@booking.com,Male,208.51.189.110
475,Abdel,Walby,awalbykw@nationalgeographic.com,Male,202.172.190.108
797,Artus,Hoyland,ahoylandkx@phoca.cz,Male,15.165.14.217
15,Forster,Kennewell,fkennewellky@gravatar.com,Male,142.210.91.65
477,Hakeem,Breyt,hbreytkz@google.fr,Male,221.212.109.38
479,Archibald,Roskruge,aroskrugel0@sitemeter.com,Polygender,202.2.214.174
751,Sybil,Bickerdike,sbickerdikel1@sciencedirect.com,Female,100.221.75.118
373,Freda,Lakeman,flakemanl2@rediff.com,Female,68.5.62.45
362,Chandra,Parslow,cparslowl3@myspace.com,Female,143.36.8.24
529,Barbra,Tolliday,btollidayl4@accuweather.com,Female,76.88.180.2
875,Flin,Housego,fhousegol5@feedburner.com,Male,127.247.116.74
200,Lorettalorna,Bouts,lboutsl6@cam.ac.uk,Female,232.237.238.230
365,Maxie,Skinn,mskinnl7@networkadvertising.org,Male,121.203.111.166
568,Walther,Pearmain,wpearmainl8@usatoday.com,Polygender,100.131.122.30
60,Homere,McTurk,hmcturkl9@51.la,Male,200.29.22.244
388,Reece,Dudley,rdudleyla@devhub.com,Male,195.245.215.229
978,Elmer,Boeter,eboeterlb@pen.io,Male,185.190.255.165
882,Rose,Loweth,rlowethlc@ft.com,Female,54.146.188.91
597,Keane,Bougen,kbougenld@fotki.com,Male,126.137.171.136
853,Eziechiele,Rankmore,erankmorele@webs.com,Male,82.28.217.219
837,Niven,Arp,narplf@webs.com,Male,96.136.133.182
183,Fredi,Pudding,fpuddinglg@trellian.com,Female,23.195.225.54
418,Colan,Howland,chowlandlh@delicious.com,Non-binary,85.159.130.227
413,Galina,Dicker,gdickerli@eepurl.com,Female,89.36.27.173
6,Frederigo,Steers,fsteerslj@google.ca,Male,123.10.161.64
520,Gianina,Bodell,gbodelllk@pagesperso-orange.fr,Female,185.114.232.232
422,Lauri,Crathorne,lcrathornell@mapquest.com,Female,209.136.232.200
376,Keeley,Tulloch,ktullochlm@businessinsider.com,Female,98.235.42.117
230,Sidonnie,Firminger,sfirmingerln@prlog.org,Female,43.41.109.32
87,Domingo,Oury,dourylo@feedburner.com,Male,198.252.85.242
709,Lisa,Ordemann,lordemannlp@istockphoto.com,Female,113.75.216.53
716,Goddart,Caldes,gcaldeslq@storify.com,Male,1.88.75.87
42,Magdaia,Pickless,mpicklesslr@yahoo.com,Agender,48.0.254.53
339,Hollyanne,Ferrettini,hferrettinils@about.me,Female,194.108.22.224
279,Lonee,Iddins,liddinslt@nasa.gov,Female,237.240.105.218
321,Shem,McGinly,smcginlylu@slideshare.net,Male,225.143.193.72
908,Kimbell,Calleja,kcallejalv@dropbox.com,Male,20.79.189.235
966,Fredelia,Wilshire,fwilshirelw@feedburner.com,Genderqueer,153.141.96.252
271,Raine,Smye,rsmyelx@barnesandnoble.com,Female,21.38.104.120
80,Mohammed,Francesco,mfrancescoly@cnn.com,Male,42.208.206.122
537,Willi,Duffell,wduffelllz@delicious.com,Male,218.161.216.225
585,Wesley,Haglinton,whaglintonm0@who.int,Male,148.49.7.212
515,Danella,Gutans,dgutansm1@buzzfeed.com,Female,228.240.141.47
669,Nate,Attenborrow,nattenborrowm2@sbwire.com,Male,144.130.42.185
890,Avie,Bonnett,abonnettm3@indiegogo.com,Female,106.127.221.106
881,Almeta,Lober,aloberm4@livejournal.com,Female,198.23.80.202
163,Orren,Spollen,ospollenm5@booking.com,Male,153.216.86.247
198,Elka,McGreay,emcgreaym6@wikimedia.org,Female,129.83.31.39
666,Quintilla,Hague,qhaguem7@cnet.com,Female,202.206.237.22
86,Rancell,Chinge,rchingem8@surveymonkey.com,Male,241.147.231.126
850,Peter,Dunnet,pdunnetm9@w3.org,Male,252.67.209.75
137,Griffith,Wearne,gwearnema@e-recht24.de,Male,90.80.169.52
603,Orelee,Bullimore,obullimoremb@mozilla.com,Female,93.156.93.6
574,Madge,Heinonen,mheinonenmc@printfriendly.com,Female,47.3.237.20
421,Nina,Bawden,nbawdenmd@craigslist.org,Female,18.219.147.133
988,Lester,Harkins,lharkinsme@artisteer.com,Male,237.187.219.105
79,Carissa,Larraway,clarrawaymf@yandex.ru,Female,203.29.218.207
505,Zonda,Vidler,zvidlermg@arstechnica.com,Female,36.135.92.102
625,Daffie,Trillo,dtrillomh@homestead.com,Female,215.164.185.134
611,Ariel,Krabbe,akrabbemi@cisco.com,Male,105.159.8.181
98,Ninnetta,Sheryne,nsherynemj@gravatar.com,Female,239.52.56.47
667,Trudi,Buckston,tbuckstonmk@nydailynews.com,Female,83.156.190.245
791,Carolee,Edelmann,cedelmannml@bluehost.com,Female,22.108.189.105
867,Cathe,Tett,ctettmm@buzzfeed.com,Female,231.228.110.34
561,Bax,Scolts,bscoltsmn@tinypic.com,Male,127.223.106.119
859,Grove,Lamping,glampingmo@issuu.com,Male,3.67.178.7
431,Cindi,Wafer,cwafermp@unc.edu,Female,146.252.69.30
55,Enrika,Dilley,edilleymq@dailymail.co.uk,Female,93.185.0.31
195,Veradis,Caughey,vcaugheymr@naver.com,Female,40.93.216.222
649,Beniamino,Ingon,bingonms@lulu.com,Male,146.99.14.83
315,Parry,Whybrow,pwhybrowmt@china.com.cn,Male,207.65.165.245
222,Franciskus,Drewes,fdrewesmu@jiathis.com,Male,28.162.162.137
260,Paddy,Kenelin,pkenelinmv@answers.com,Male,251.115.22.235
925,Ernaline,Koba,ekobamw@scientificamerican.com,Genderqueer,119.8.235.234
698,Jaine,Burfield,jburfieldmx@istockphoto.com,Female,78.73.64.136
817,Kacy,Keitch,kkeitchmy@state.gov,Agender,82.56.29.177
231,Paulie,Paddemore,ppaddemoremz@hostgator.com,Male,105.168.13.208
50,Mischa,Gerb,mgerbn0@prnewswire.com,Male,76.188.13.165
295,Caz,Greatbank,cgreatbankn1@photobucket.com,Male,66.89.117.141
96,Norina,Jurca,njurcan2@toplist.cz,Polygender,106.4.81.250
719,Dyann,Cannings,dcanningsn3@wordpress.org,Female,215.166.179.223
544,Lek,Stawell,lstawelln4@netscape.com,Male,97.180.199.28
449,Arlinda,January,ajanuaryn5@technorati.com,Female,104.88.1.30
726,Merissa,Penton,mpentonn6@ezinearticles.com,Female,236.43.98.181
980,Clementina,O'Carmody,cocarmodyn7@abc.net.au,Female,27.233.196.149
33,Buffy,Foystone,bfoystonen8@youtu.be,Female,171.253.197.194
474,Verla,Essel,vesseln9@github.io,Female,161.17.2.51
474,Heda,Keech,hkeechna@cpanel.net,Female,131.73.217.219
328,Briney,Szymanowski,bszymanowskinb@gizmodo.com,Female,228.84.14.19
759,Leese,McGettrick,lmcgettricknc@reference.com,Female,90.101.119.190
940,Robinette,Calabry,rcalabrynd@cnbc.com,Female,21.221.83.168
679,Marijo,Pountain,mpountainne@goo.gl,Bigender,14.137.17.54
127,Lisle,Dimont,ldimontnf@exblog.jp,Male,176.137.188.174
915,Talia,Waghorne,twaghorneng@comsenz.com,Female,204.88.126.109
433,Justis,Espine,jespinenh@amazon.co.jp,Male,65.251.195.110
408,Shem,Lyne,slyneni@wisc.edu,Male,235.121.7.189
897,Winfield,Dobrovolski,wdobrovolskinj@aol.com,Male,191.143.136.150
637,Rudolfo,Inglesant,ringlesantnk@youku.com,Male,223.52.53.32
449,Davidde,MacKissack,dmackissacknl@1688.com,Male,136.35.77.215
914,Tommy,Woffenden,twoffendennm@t-online.de,Male,139.253.82.216
407,Wendell,Buckle,wbucklenn@moonfruit.com,Male,144.150.207.222
524,Christian,Loxton,cloxtonno@blogs.com,Female,61.128.5.16
646,Trueman,Charrett,tcharrettnp@sfgate.com,Male,213.242.3.61
509,Maribelle,Czadla,mczadlanq@pen.io,Female,206.90.134.26
234,Say,Essex,sessexnr@tmall.com,Male,72.128.165.86
811,Dan,January 1st,djanuarystns@ustream.tv,Male,20.69.39.163
921,Mirelle,Betjes,mbetjesnt@businesswire.com,Female,13.58.228.85
101,Billy,Geockle,bgeocklenu@vimeo.com,Female,255.206.254.133
204,Hank,Najera,hnajeranv@devhub.com,Male,127.28.42.40
793,Jessica,Tunaclift,jtunacliftnw@chronoengine.com,Female,30.209.16.114
612,Yelena,Littleproud,ylittleproudnx@gmpg.org,Female,172.249.76.83
36,Tomas,Detoc,tdetocny@twitpic.com,Male,60.204.220.184
342,Quinn,Kamiyama,qkamiyamanz@epa.gov,Female,201.10.97.78
682,Haskel,Creber,hcrebero0@sitemeter.com,Male,6.3.157.252
509,Starlin,Ricart,sricarto1@sogou.com,Female,108.45.160.62
70,Peirce,Leuty,pleutyo2@mediafire.com,Male,75.48.11.185
673,Nedi,Dredge,ndredgeo3@360.cn,Female,195.81.114.145
270,Harvey,Barsby,hbarsbyo4@aboutads.info,Male,238.145.68.213
81,Kincaid,Chaldecott,kchaldecotto5@de.vu,Male,8.249.176.33
197,Blisse,Hafner,bhafnero6@salon.com,Female,195.103.131.54
176,Lucila,Mewitt,lmewitto7@infoseek.co.jp,Female,247.237.44.203
329,Lorie,Worsnup,lworsnupo8@sohu.com,Genderfluid,56.110.45.47
48,Ian,Dziwisz,idziwiszo9@jalbum.net,Male,51.83.147.200
959,Marco,Heinssen,mheinssenoa@mediafire.com,Male,152.35.156.141
818,Reeba,Scamal,rscamalob@scribd.com,Female,5.196.171.171
659,Debbi,Sibbert,dsibbertoc@tuttocitta.it,Female,31.28.32.165
795,Archambault,Fer,aferod@prweb.com,Genderfluid,141.19.125.131
975,Tiff,Uzielli,tuziellioe@spotify.com,Female,108.86.122.54
134,Renaud,Thunderman,rthundermanof@paginegialle.it,Agender,165.182.209.13
351,Bradley,Gearing,bgearingog@quantcast.com,Male,141.78.90.81
64,Conan,Hallagan,challaganoh@wufoo.com,Male,103.35.8.184
998,Jaine,Jovey,jjoveyoi@sohu.com,Non-binary,208.24.67.169
159,Bruno,Pagen,bpagenoj@drupal.org,Male,177.224.18.180
734,Sibylla,Newtown,snewtownok@wikia.com,Female,110.25.243.93
137,Birgitta,Bertl,bbertlol@springer.com,Female,123.87.124.153
205,Sibeal,Lumpkin,slumpkinom@un.org,Female,225.98.87.15
482,Marga,Colleton,mcolletonon@mashable.com,Female,88.136.221.7
665,Alphonse,Shaefer,ashaeferoo@ifeng.com,Male,249.93.120.219
957,Modesty,Sloss,mslossop@deliciousdays.com,Female,162.192.137.99
724,Victoir,Lipman,vlipmanoq@multiply.com,Male,103.94.73.67
380,Lombard,O'Doireidh,lodoireidhor@slashdot.org,Male,165.1.147.128
943,Matthaeus,Hawler,mhawleros@webs.com,Male,6.139.165.218
867,Neron,Bunker,nbunkerot@google.co.uk,Agender,48.255.93.209
876,Eleanore,Mattusov,emattusovou@netscape.com,Female,112.125.188.244
223,Derril,Trevallion,dtrevallionov@examiner.com,Bigender,96.232.27.104
231,Maje,Bitten,mbittenow@slate.com,Male,107.85.82.189
696,Bonita,Safell,bsafellox@bluehost.com,Female,206.246.199.86
509,Kean,Merwe,kmerweoy@taobao.com,Male,40.143.85.94
250,Abagael,Vasquez,avasquezoz@businessinsider.com,Female,157.191.38.90
681,Jennee,Selby,jselbyp0@slate.com,Female,17.89.74.251
933,Bernette,Mattimoe,bmattimoep1@abc.net.au,Female,218.137.28.208
818,Reinaldo,Ochiltree,rochiltreep2@yellowbook.com,Male,245.222.33.159
139,Barri,Serris,bserrisp3@tumblr.com,Male,99.91.202.14
279,Ernst,Stroder,estroderp4@wiley.com,Male,50.23.180.119
104,Jeramie,Garroch,jgarrochp5@thetimes.co.uk,Male,230.175.66.94
939,Griswold,Manach,gmanachp6@reddit.com,Male,43.14.176.78
723,Rosanne,Blything,rblythingp7@archive.org,Female,10.68.173.195
605,Edward,McCreery,emccreeryp8@buzzfeed.com,Male,112.74.81.230
418,Batsheva,Gregr,bgregrp9@dell.com,Female,165.190.84.32
676,Dixie,Roblou,drobloupa@dailymotion.com,Female,20.114.85.113
528,Vasily,Provost,vprovostpb@pinterest.com,Male,226.21.103.12
22,Friedrick,McKleod,fmckleodpc@cbslocal.com,Male,92.154.131.90
221,Anstice,Andrivot,aandrivotpd@comcast.net,Agender,194.0.248.235
872,Tommi,Mc Meekan,tmcmeekanpe@washingtonpost.com,Female,90.157.112.192
998,Rosalind,Stanyland,rstanylandpf@edublogs.org,Bigender,128.67.249.54
391,Maurie,Trimnell,mtrimnellpg@huffingtonpost.com,Male,251.39.122.40
744,Elliott,Matasov,ematasovph@dell.com,Male,76.184.48.19
792,Rafael,Newlove,rnewlovepi@techcrunch.com,Male,227.84.145.21
976,Vicki,Rapkins,vrapkinspj@mail.ru,Genderqueer,65.201.155.185
554,Sid,Klugman,sklugmanpk@amazon.com,Male,178.75.22.71
165,Justinn,Bouette,jbouettepl@uiuc.edu,Female,245.220.60.143
296,Blythe,Giacobilio,bgiacobiliopm@e-recht24.de,Female,200.71.1.139
194,Eugenia,Dunham,edunhampn@addthis.com,Female,219.108.100.55
613,Vachel,Butfield,vbutfieldpo@cargocollective.com,Male,200.45.204.62
287,Antonina,Monini,amoninipp@delicious.com,Genderqueer,99.240.103.163
573,Ryan,Burnett,rburnettpq@ow.ly,Male,250.30.199.108
432,Gayla,Wiles,gwilespr@joomla.org,Female,219.36.218.105
584,Jany,Eke,jekeps@ameblo.jp,Female,53.156.165.161
891,Dennison,Shearstone,dshearstonept@wikia.com,Male,187.3.69.119
450,Salomone,Linder,slinderpu@wordpress.org,Genderfluid,41.125.162.239
936,Jarrad,Collip,jcollippv@jimdo.com,Male,59.72.122.142
822,Alex,Upchurch,aupchurchpw@sfgate.com,Male,131.38.26.146
607,Marys,Alelsandrovich,malelsandrovichpx@ezinearticles.com,Female,102.155.144.241
474,Lindon,Cicchelli,lcicchellipy@godaddy.com,Male,178.206.10.182
267,Raeann,Pounder,rpounderpz@webmd.com,Female,30.10.238.128
808,Torry,Gyppes,tgyppesq0@europa.eu,Agender,119.11.116.205
67,Corrine,Rennocks,crennocksq1@japanpost.jp,Female,182.228.124.159
432,Audrye,Merwe,amerweq2@google.cn,Female,5.192.196.119
990,Rodolphe,Hawking,rhawkingq3@telegraph.co.uk,Male,20.21.174.197
545,Zebadiah,Tytherton,ztythertonq4@hibu.com,Male,186.127.37.19
603,Hephzibah,Exposito,hexpositoq5@chronoengine.com,Female,175.143.171.14
678,Eduardo,Balogh,ebaloghq6@1und1.de,Male,134.51.20.107
779,Dorena,Quernel,dquernelq7@redcross.org,Genderqueer,193.171.253.37
296,Claybourne,Friman,cfrimanq8@parallels.com,Male,119.85.107.150
980,Monroe,Padula,mpadulaq9@a8.net,Male,146.180.148.166
648,Whitney,Hazeldean,whazeldeanqa@vkontakte.ru,Male,246.116.57.155
136,Jordanna,Baudains,jbaudainsqb@fc2.com,Female,29.182.54.74
651,Renard,Bingell,rbingellqc@mozilla.org,Male,27.10.173.190
74,Ave,Steabler,asteablerqd@clickbank.net,Male,226.117.215.164
926,Corbet,Petett,cpetettqe@woothemes.com,Male,241.170.37.183
76,Zonnya,Wetherburn,zwetherburnqf@hexun.com,Female,184.114.168.201
947,Drake,Bartomieu,dbartomieuqg@webnode.com,Male,172.121.214.105
4,Leora,Deeves,ldeevesqh@thetimes.co.uk,Female,11.204.49.146
646,Pietrek,Von Welden,pvonweldenqi@macromedia.com,Male,175.166.4.63
422,Dreddy,Leere,dleereqj@washingtonpost.com,Female,184.22.178.17
215,Kerk,Logan,kloganqk@fc2.com,Male,70.220.135.110
682,Rene,Lumm,rlummql@google.de,Female,53.246.161.101
450,Stu,Hawkyens,shawkyensqm@ask.com,Male,200.133.31.74
544,Filippa,Denford,fdenfordqn@vk.com,Non-binary,178.246.94.45
522,Cahra,Brach,cbrachqo@jimdo.com,Female,28.22.68.47
142,Micki,Jakubowicz,mjakubowiczqp@godaddy.com,Female,213.143.246.96
804,Lynnet,Sweeney,lsweeneyqq@over-blog.com,Female,97.207.22.117
922,Piggy,Cruess,pcruessqr@cafepress.com,Male,226.246.247.186
100,Merry,Freezor,mfreezorqs@yandex.ru,Male,99.124.152.171
751,Clair,Jachimiak,cjachimiakqt@uiuc.edu,Female,239.98.47.124
704,Aylmer,Wahlberg,awahlbergqu@tiny.cc,Male,73.35.244.69
763,Haslett,Crispin,hcrispinqv@liveinternet.ru,Male,213.188.40.159
228,Marylou,Rymmer,mrymmerqw@amazon.co.jp,Agender,48.156.27.36
258,Casey,D'Oyley,cdoyleyqx@google.es,Male,132.149.111.43
995,Ebeneser,Harriagn,eharriagnqy@behance.net,Male,119.65.58.178
881,Rosemarie,Lambricht,rlambrichtqz@ftc.gov,Female,215.100.241.197
535,Hodge,Diloway,hdilowayr0@123-reg.co.uk,Male,100.238.188.192
601,Randall,Isworth,risworthr1@yelp.com,Male,103.87.104.100
915,Gilly,Abys,gabysr2@mlb.com,Female,50.226.22.61
455,Leigha,Pettis,lpettisr3@illinois.edu,Female,242.253.231.78
300,Cullan,Jindacek,cjindacekr4@github.io,Male,128.140.14.28
117,Casey,Burnside,cburnsider5@omniture.com,Female,229.27.94.16
176,Margaretha,Tarburn,mtarburnr6@columbia.edu,Female,82.56.173.216
125,Aylmar,Branchflower,abranchflowerr7@bluehost.com,Male,249.44.140.43
466,Angeline,Sibbit,asibbitr8@paginegialle.it,Female,173.4.86.120
462,Dudley,Gullifant,dgullifantr9@smh.com.au,Male,40.143.67.46
929,Alexa,Crack,acrackra@uol.com.br,Female,26.44.7.129
210,Lenore,Robet,lrobetrb@hugedomains.com,Female,36.244.176.38
556,Krystyna,Vaughten,kvaughtenrc@bizjournals.com,Female,253.100.146.113
489,Beauregard,Bonnavant,bbonnavantrd@about.me,Male,147.119.96.203
440,Lanae,Kantor,lkantorre@cbsnews.com,Non-binary,251.246.42.233
634,Adena,Maxfield,amaxfieldrf@berkeley.edu,Female,32.85.128.147
229,Shirlee,Binion,sbinionrg@cmu.edu,Bigender,85.38.236.59
644,Flss,Moxon,fmoxonrh@utexas.edu,Female,34.55.213.64
402,Kendell,Geare,kgeareri@webeden.co.uk,Male,129.129.61.53
874,Webb,Myford,wmyfordrj@zimbio.com,Male,96.50.5.44
302,Ignace,Buckston,ibuckstonrk@kickstarter.com,Male,145.75.117.4
432,Delmer,Beet,dbeetrl@mac.com,Male,98.153.90.230
68,Omar,Trimby,otrimbyrm@baidu.com,Male,195.98.14.224
163,Pauline,Saterthwait,psaterthwaitrn@rambler.ru,Non-binary,172.147.221.244
571,Remington,Sprackling,rspracklingro@feedburner.com,Polygender,208.46.126.250
189,Noni,Guiton,nguitonrp@va.gov,Female,165.197.41.3
331,Gloriana,MacChaell,gmacchaellrq@mashable.com,Female,202.90.31.163
778,Murvyn,Feron,mferonrr@blog.com,Male,41.60.174.72
